{
  "INPUT_FILE": "C:\\Users\\JUANMA~1\\AppData\\Local\\Temp\\.calisto-desktop-1.5-dev\\02acba07-4ba0-4d4f-aaac-4e0ad2d40039\\rev_1\\assets\\topo_aux\\Bani_Bani_EPSG_4326.png",
  "BAND_COUNT": 1,
  "CRS_AUTHID": "EPSG:4326",
  "EXTENT": "-70.4699375340844796,18.3200383409215775 : -70.3973476670891074,18.3717854791226110",
  "HAS_NODATA_VALUE": false,
  "HEIGHT_IN_PIXELS": 10000,
  "PIXEL_HEIGHT": 1e-05,
  "PIXEL_WIDTH": 1e-05,
  "WIDTH_IN_PIXELS": 10000,
  "X_MAX": -70.39734766708911,
  "X_MIN": -70.46993753408448,
  "Y_MAX": 18.37178547912261,
  "Y_MIN": 18.320038340921577,
  "STATUS": "Done",
  "COUNT": 1048160575,
  "OUTPUT_HTML_FILE": "C:/Users/JuanMar\u00edaL\u00f3pez/AppData/Local/Temp/processing_lEXBMq/9f182f3515dd4db6b30ef650437e8e43/OUTPUT_HTML_FILE.html",
  "STD_DEV": 40.90107240696256,
  "SUM": 145750428518.6601,
  "SUM_OF_SQUARES": 1753465438672.6345,
  "Z_MAX": 371.42034912109375,
  "Z_MIN": 121.59725952148438,
  "Z_MEAN": 139.05353053243783,
  "Z_RANGE": 249.82308959960938,
  "OUTPUT": "C:\\Users\\JUANMA~1\\AppData\\Local\\Temp\\.calisto-desktop-1.5-dev\\02acba07-4ba0-4d4f-aaac-4e0ad2d40039\\rev_1\\assets\\Bani_EPSG_4326.tif",
  "HEIGHT_OFFSET": 1.02473
}